File_Type,GValue
File_Version,2
GP,
MTP_Type,24Wells_Square
MTP_Wells_X,6
MTP_Wells_Y,4
Timestamp,20210507_171028
MTP,3
Plate-ID,
Cal File Used,cal_white24square
Well_Distance_X_MM,18
Well_Distance_Y_MM,18
Well_Shape,Square
Spot_Shape,Rectangle
Rectangle_Spot_Size_X_MM,6,0
Rectangle_Spot_Size_Y_MM,6,0
Deviation_From_Center_X_MM,0,0
Deviation_From_Center_Y_MM,0,0
Deviation_From_Perfect_Parallelness_DEG,0,0
Geometric_Correction_MM,0,60
Ignore_Top_G_Pixel_Percent,25,0
Ignore_Bottom_G_Pixel_Percent,10,0

Time (min),A1,A2,A3,A4,A5,A6,B1,B2,B3,B4,B5,B6,C1,C2,C3,C4,C5,C6,D1,D2,D3,D4,D5,D6,,Input_Image
0,"21,059","19,609","27,764","21,378","22,303","21,278","20,928","22,740","19,129","20,408","28,956","18,949","18,901","32,956","18,206","27,293","26,341","20,052","7,926","9,674","10,658","10,026","9,335","8,474",,mtp03_20210507_171028.bmp
30,"20,753","19,489","28,003","21,648","23,535","21,598","21,594","22,682","19,106","21,025","28,132","19,250","19,016","31,708","18,575","26,730","26,831","20,236","7,920","9,642","10,636","9,986","9,283","8,465",,mtp03_20210507_174030.bmp
60,"21,211","19,892","28,198","21,987","23,412","21,601","21,733","22,435","19,986","21,379","28,744","19,748","20,049","32,826","19,288","26,316","26,856","20,959","7,923","9,681","10,583","10,022","9,386","8,532",,mtp03_20210507_181029.bmp
90,"21,439","20,174","29,396","22,144","23,465","21,574","21,451","21,998","20,237","21,557","29,632","19,970","20,212","33,937","19,682","27,551","27,964","21,120","7,919","9,641","10,610","9,986","9,317","8,540",,mtp03_20210507_184030.bmp
120,"21,351","20,374","30,146","22,061","23,471","21,495","20,990","22,404","19,898","21,158","30,101","20,294","20,138","34,967","19,750","28,724","28,535","21,180","7,838","9,628","10,611","9,984","9,278","8,475",,mtp03_20210507_191031.bmp
150,"20,957","20,453","30,808","21,769","23,636","21,499","21,882","23,492","19,433","21,039","30,888","20,049","19,745","36,382","19,658","28,560","29,207","20,755","7,873","9,634","10,601","10,011","9,345","8,551",,mtp03_20210507_194031.bmp
180,"21,085","19,707","32,096","21,915","24,804","22,248","22,820","24,204","19,287","22,289","31,331","19,600","19,468","36,984","19,178","28,769","29,449","20,570","7,879","9,610","10,572","9,992","9,317","8,507",,mtp03_20210507_201030.bmp
210,"22,085","20,417","32,995","22,778","25,471","23,209","23,545","23,890","20,545","22,267","32,952","19,885","20,135","39,813","18,957","29,957","30,240","21,148","7,909","9,636","10,603","9,995","9,282","8,465",,mtp03_20210507_204030.bmp
240,"23,139","20,935","34,777","23,345","25,486","23,423","22,980","23,904","20,884","21,850","34,860","20,082","20,363","41,973","19,495","31,646","31,454","21,278","7,869","9,596","10,622","9,971","9,295","8,506",,mtp03_20210507_211031.bmp
270,"23,198","21,134","36,954","23,563","25,908","23,845","23,929","25,510","20,776","22,300","38,374","20,321","20,046","45,840","19,466","34,461","34,656","21,100","7,924","9,612","10,635","9,966","9,318","8,502",,mtp03_20210507_214031.bmp
300,"25,605","22,243","40,711","24,450","28,474","25,659","26,017","28,634","21,945","24,662","43,227","21,580","21,287","49,921","20,120","37,842","37,984","21,927","7,886","9,610","10,594","9,955","9,302","8,490",,mtp03_20210507_221031.bmp
330,"27,422","24,351","44,770","26,157","30,717","27,788","29,664","31,219","24,394","26,812","46,853","22,921","23,431","53,679","22,241","41,744","41,470","23,906","7,905","9,599","10,598","10,006","9,259","8,512",,mtp03_20210507_224031.bmp
360,"31,594","28,024","49,069","29,551","34,987","31,898","33,528","35,842","27,619","31,135","52,728","26,988","26,770","60,470","24,817","46,373","46,851","26,925","7,941","9,597","10,579","9,990","9,293","8,461",,mtp03_20210507_231032.bmp
390,"35,558","31,318","52,322","33,636","38,630","36,528","39,241","40,506","31,765","35,110","55,751","30,926","30,484","66,519","28,699","50,930","51,009","30,422","7,908","9,625","10,642","9,962","9,262","8,485",,mtp03_20210507_234031.bmp
420,"40,022","33,729","57,941","36,486","43,380","39,747","43,630","44,080","35,218","39,628","61,482","35,201","35,278","72,807","32,009","56,164","56,559","35,035","7,856","9,585","10,608","9,956","9,248","8,474",,mtp03_20210508_001031.bmp
450,"43,575","40,230","64,720","41,802","47,540","44,332","49,153","49,174","39,654","43,693","69,287","38,729","39,740","76,505","36,583","62,156","62,581","38,644","7,897","9,635","10,620","9,967","9,285","8,567",,mtp03_20210508_004030.bmp
480,"46,809","43,697","65,772","46,304","51,409","47,663","49,487","54,678","45,210","47,802","71,344","44,184","43,005","85,219","41,600","67,584","68,536","44,195","7,902","9,596","10,636","10,000","9,283","8,497",,mtp03_20210508_011031.bmp
510,"50,927","46,385","72,348","49,760","57,308","53,331","55,791","59,788","48,505","53,419","79,370","48,268","47,203","89,113","45,470","74,928","75,711","48,113","7,883","9,594","10,583","9,944","9,274","8,499",,mtp03_20210508_014032.bmp
540,"55,724","51,003","76,739","54,394","61,548","58,216","61,319","63,442","54,359","57,772","83,139","53,267","52,182","95,682","51,007","79,380","78,483","55,130","7,918","9,639","10,627","9,991","9,307","8,490",,mtp03_20210508_021031.bmp
570,"58,150","54,252","78,954","57,225","64,863","60,929","65,701","69,726","56,759","61,831","89,010","54,883","57,294","97,206","53,772","83,259","83,802","56,397","7,916","9,580","10,627","9,981","9,267","8,504",,mtp03_20210508_024032.bmp
600,"62,583","57,185","81,345","61,371","67,552","64,552","71,426","71,609","60,949","66,854","92,651","57,780","60,452","101,187","59,426","85,706","86,150","62,376","7,925","9,620","10,640","9,968","9,298","8,513",,mtp03_20210508_031031.bmp
630,"64,814","59,797","79,460","65,899","73,975","67,890","73,786","76,756","65,139","68,715","95,373","64,126","64,997","104,064","62,203","91,413","90,565","65,235","7,921","9,621","10,678","10,001","9,302","8,497",,mtp03_20210508_034032.bmp
660,"68,709","63,917","77,298","69,958","76,714","69,681","76,763","81,402","66,505","70,107","101,973","67,287","67,924","105,106","67,475","95,216","91,408","69,675","7,899","9,647","10,621","9,978","9,314","8,506",,mtp03_20210508_041031.bmp
690,"70,417","66,482","73,472","73,001","80,778","73,658","80,028","82,436","72,570","74,050","102,946","72,102","67,349","104,642","71,779","97,572","94,885","70,983","7,917","9,621","10,586","9,972","9,300","8,452",,mtp03_20210508_044031.bmp
720,"70,636","68,362","66,675","77,276","88,342","78,048","82,632","89,011","75,684","77,160","107,280","78,588","67,508","109,631","76,229","103,917","99,018","77,468","7,873","9,616","10,639","9,973","9,262","8,439",,mtp03_20210508_051032.bmp
750,"71,322","72,930","61,026","83,250","92,916","81,319","87,968","92,593","85,260","81,112","109,610","78,531","70,286","109,406","83,638","107,502","104,096","82,161","7,943","9,605","10,629","9,975","9,298","8,501",,mtp03_20210508_054032.bmp
780,"74,697","76,822","55,994","87,204","96,171","86,355","91,188","94,070","89,710","86,314","114,672","87,419","73,209","109,091","84,766","114,255","108,520","86,684","7,897","9,569","10,583","9,949","9,233","8,476",,mtp03_20210508_061031.bmp
810,"76,549","83,338","57,225","89,798","99,213","90,936","95,762","100,063","94,738","89,765","121,359","92,555","74,873","109,612","88,226","122,246","112,223","88,722","7,928","9,652","10,672","9,993","9,315","8,534",,mtp03_20210508_064031.bmp
840,"79,690","88,323","54,130","96,277","105,459","95,375","102,331","102,553","99,008","98,203","126,396","99,342","79,685","113,388","96,510","128,622","116,823","96,601","7,955","9,658","10,671","10,016","9,350","8,529",,mtp03_20210508_071033.bmp
870,"81,417","91,084","50,645","103,160","110,807","100,716","109,829","112,133","102,048","103,232","130,684","101,585","83,437","119,349","101,918","133,447","120,983","100,654","7,923","9,659","10,665","10,020","9,275","8,507",,mtp03_20210508_074032.bmp
900,"88,447","98,407","50,524","105,062","115,569","105,591","116,003","114,472","109,901","107,594","134,248","108,773","93,587","121,805","107,832","138,168","124,811","108,531","7,923","9,658","10,642","9,999","9,309","8,517",,mtp03_20210508_081032.bmp
930,"91,833","103,692","49,605","111,638","119,585","108,850","120,971","119,869","114,389","109,633","139,115","112,967","104,444","125,727","108,862","140,708","139,096","113,857","7,902","9,620","10,679","10,007","9,316","8,497",,mtp03_20210508_084031.bmp
960,"100,848","110,142","51,225","116,190","124,801","115,336","126,786","126,067","117,845","116,219","143,009","115,899","106,265","130,271","116,297","145,439","141,875","120,441","7,960","9,702","10,677","10,031","9,320","8,535",,mtp03_20210508_091031.bmp
990,"105,371","112,040","51,770","121,840","130,014","121,736","131,144","130,544","121,131","119,746","147,234","122,748","114,285","132,917","121,849","148,826","145,180","127,090","7,945","9,662","10,683","10,043","9,353","8,521",,mtp03_20210508_094031.bmp
1020,"113,007","114,955","53,995","125,476","134,651","126,524","136,592","134,052","127,204","127,254","150,652","127,202","118,538","136,354","124,341","152,868","148,863","132,330","7,946","9,705","10,688","10,022","9,331","8,567",,mtp03_20210508_101033.bmp
1050,"115,984","121,262","56,893","129,321","138,987","131,472","140,877","135,971","130,533","131,880","152,936","132,617","123,904","141,086","130,313","155,116","152,097","139,751","7,917","9,640","10,649","10,019","9,324","8,447",,mtp03_20210508_104032.bmp
1080,"123,628","126,642","60,486","135,979","142,556","135,964","146,521","140,150","137,265","134,943","157,056","137,862","131,387","144,192","134,199","159,278","155,991","142,923","7,933","9,679","10,675","10,059","9,338","8,540",,mtp03_20210508_111033.bmp
1110,"129,151","128,832","56,888","139,225","148,263","141,682","148,726","148,130","140,327","137,862","158,422","141,598","136,427","147,971","138,038","160,656","158,171","149,208","7,964","9,716","10,728","10,077","9,370","8,561",,mtp03_20210508_114032.bmp
1140,"132,818","134,727","65,321","143,802","151,329","144,259","152,349","151,503","142,888","140,422","160,757","145,727","140,606","150,441","140,399","162,726","159,835","150,587","7,968","9,674","10,714","10,018","9,332","8,551",,mtp03_20210508_121033.bmp
1170,"134,782","137,529","64,952","148,920","152,921","149,430","156,534","154,514","146,153","145,009","162,158","147,643","145,590","155,362","144,422","164,882","161,887","156,920","7,949","9,694","10,695","10,024","9,316","8,530",,mtp03_20210508_124034.bmp
1200,"137,670","138,141","79,126","149,566","155,321","152,617","159,177","157,252","148,027","147,519","163,232","151,446","151,321","156,738","147,981","166,257","163,631","161,001","7,991","9,673","10,733","10,063","9,316","8,520",,mtp03_20210508_131032.bmp
1230,"137,710","139,426","83,080","153,015","156,182","155,258","161,033","157,823","152,053","151,111","162,763","156,443","154,044","157,715","150,513","167,604","165,694","161,387","7,970","9,677","10,743","10,060","9,314","8,504",,mtp03_20210508_134032.bmp
1260,"139,451","141,016","82,115","156,261","157,003","159,021","162,563","160,316","154,148","152,348","162,100","158,970","160,122","160,612","153,538","167,960","166,948","165,441","7,933","9,709","10,733","10,040","9,299","8,519",,mtp03_20210508_141033.bmp
1290,"142,118","140,326","79,648","157,531","156,763","160,077","163,754","161,849","154,610","154,267","161,766","162,221","162,572","160,675","155,303","168,845","168,194","166,409","7,964","9,689","10,680","10,054","9,266","8,534",,mtp03_20210508_144034.bmp
1324,"143,316","143,598","82,706","157,034","156,153","159,992","164,647","161,614","156,201","155,693","161,947","162,408","164,572","160,740","158,049","169,742","169,195","168,126","7,932","9,676","10,662","10,023","9,304","8,490",,mtp03_20210508_151430.bmp
1354,"145,000","145,098","82,586","156,916","155,684","157,251","164,757","160,024","156,972","156,496","161,408","164,107","166,397","160,565","160,037","169,313","170,048","169,435","7,934","9,683","10,658","10,039","9,280","8,484",,mtp03_20210508_154428.bmp
1388,"146,252","146,359","86,793","156,997","155,679","159,160","162,966","161,500","157,342","156,824","161,711","165,431","167,962","160,048","161,015","169,223","169,474","170,272","7,939","9,668","10,667","9,993","9,266","8,473",,mtp03_20210508_161821.bmp
1418,"145,586","147,959","86,969","157,259","156,762","158,445","164,157","160,327","157,753","157,924","161,575","165,780","168,713","160,626","162,235","168,807","169,527","171,461","7,944","9,682","10,685","10,022","9,311","8,519",,mtp03_20210508_164835.bmp
1448,"147,414","148,288","91,363","156,588","156,674","158,647","164,519","160,144","157,849","157,624","161,717","166,109","169,491","160,423","163,519","168,238","169,051","171,401","7,968","9,694","10,668","10,031","9,285","8,485",,mtp03_20210508_171835.bmp
1478,"148,298","148,860","89,935","156,765","157,072","159,128","164,215","160,735","157,629","157,223","161,870","166,283","169,507","160,958","164,499","168,564","169,195","172,442","7,949","9,712","10,661","10,018","9,291","8,498",,mtp03_20210508_174835.bmp
1508,"148,640","148,664","88,925","157,357","157,828","158,574","164,105","161,025","157,037","157,141","162,076","165,548","169,791","159,715","164,271","168,211","169,436","172,432","7,979","9,668","10,657","10,000","9,274","8,501",,mtp03_20210508_181835.bmp
1538,"149,937","150,398","90,456","157,132","157,393","158,501","164,102","160,532","157,647","157,628","161,860","165,877","169,712","160,417","163,896","168,403","169,576","172,658","7,962","9,701","10,679","9,996","9,257","8,460",,mtp03_20210508_184835.bmp
1568,"150,582","151,023","95,938","158,623","158,334","159,540","164,149","161,105","157,135","158,067","162,351","165,741","169,487","160,736","163,713","168,299","169,439","172,573","7,930","9,682","10,669","10,038","9,241","8,416",,mtp03_20210508_191835.bmp
1598,"150,251","150,978","94,497","157,138","158,497","160,197","165,053","160,787","157,682","157,691","162,345","165,868","169,942","161,646","163,803","168,688","169,536","172,877","7,931","9,692","10,673","10,017","9,245","8,472",,mtp03_20210508_194835.bmp
1628,"152,363","151,728","98,143","158,667","158,026","159,720","165,088","161,675","158,175","157,834","162,132","165,739","169,520","162,147","163,837","168,459","169,674","172,496","7,973","9,651","10,677","9,987","9,245","8,476",,mtp03_20210508_201835.bmp
1658,"150,953","151,235","98,334","157,953","158,217","159,998","164,512","161,473","157,594","158,184","162,584","166,135","169,534","161,530","164,251","168,822","169,625","172,710","7,966","9,674","10,671","9,986","9,272","8,453",,mtp03_20210508_204835.bmp
"1688,25","151,627","151,175","102,743","159,012","158,486","160,507","165,119","162,041","158,340","158,293","162,609","166,445","169,745","162,249","164,417","168,793","169,789","172,536","7,932","9,684","10,647","9,972","9,263","8,470",,mtp03_20210508_211836.bmp
1718,"151,634","151,716","99,884","158,894","157,970","160,575","165,084","162,005","158,451","158,570","162,197","166,291","170,062","161,735","164,409","169,038","169,760","172,577","7,959","9,691","10,669","10,026","9,320","8,534",,mtp03_20210508_214835.bmp
1748,"152,513","152,143","104,078","159,239","157,736","160,524","165,224","162,242","158,370","158,653","162,481","166,728","170,354","162,488","164,936","169,268","170,086","172,706","7,941","9,667","10,648","10,007","9,246","8,476",,mtp03_20210508_221835.bmp
1778,"153,201","152,355","105,400","159,317","158,082","161,094","165,242","161,983","158,994","158,766","162,160","166,698","170,543","162,640","166,804","169,385","169,861","172,858","7,973","9,692","10,679","10,044","9,291","8,508",,mtp03_20210508_224834.bmp
"1808,25","153,401","152,503","104,888","159,407","158,255","161,644","165,305","162,307","159,091","158,970","162,391","166,906","170,167","162,767","167,065","169,112","169,908","172,985","7,919","9,689","10,645","9,983","9,260","8,371",,mtp03_20210508_231836.bmp
1838,"153,699","152,739","105,612","159,050","157,678","161,345","165,256","162,227","159,056","159,021","162,288","166,841","170,281","162,814","167,286","169,362","170,084","173,160","7,952","9,687","10,644","10,010","9,293","8,491",,mtp03_20210508_234835.bmp
1868,"154,263","153,108","105,498","159,230","157,681","161,948","165,305","162,425","158,754","158,904","162,232","167,080","170,600","162,644","167,116","169,205","170,148","173,320","7,941","9,680","10,701","10,023","9,323","8,481",,mtp03_20210509_001835.bmp
1898,"154,869","152,866","109,384","159,272","157,964","161,178","165,616","162,207","158,882","159,176","162,079","167,079","170,247","162,925","167,382","169,148","169,980","173,364","7,912","9,691","10,594","9,957","9,294","8,499",,mtp03_20210509_004835.bmp
"1928,25","154,962","153,637","112,512","159,173","157,839","161,904","165,294","162,350","158,759","159,009","162,276","167,045","170,467","162,755","167,557","169,108","169,887","173,374","7,886","9,625","10,593","9,995","9,231","8,403",,mtp03_20210509_011836.bmp
"1958,25","155,771","154,259","115,920","158,757","158,070","161,896","165,636","162,282","158,811","159,066","162,372","167,157","170,718","162,848","167,446","169,195","170,034","173,845","7,954","9,678","10,660","10,023","9,292","8,513",,mtp03_20210509_014837.bmp
1988,"156,217","154,411","117,380","159,467","158,073","162,250","165,809","162,286","158,665","159,066","162,126","167,112","170,812","162,497","167,649","169,000","170,049","173,705","7,896","9,661","10,658","9,984","9,302","8,445",,mtp03_20210509_021835.bmp
"2018,25","156,526","154,924","117,296","159,305","157,933","162,123","165,715","162,283","158,631","159,277","162,129","167,214","170,860","162,630","167,472","168,855","169,807","173,275","7,934","9,661","10,625","10,004","9,292","8,467",,mtp03_20210509_024837.bmp
2048,"156,632","154,894","119,767","159,395","157,601","162,208","165,598","162,247","158,590","159,160","162,176","167,147","170,608","162,627","167,529","168,564","169,833","173,712","7,903","9,664","10,613","9,978","9,240","8,397",,mtp03_20210509_031835.bmp
"2078,25","156,942","155,342","119,135","159,293","157,141","161,844","165,675","162,540","158,345","159,010","162,075","167,093","170,744","162,703","167,497","168,995","169,936","173,514","7,937","9,684","10,625","10,034","9,313","8,463",,mtp03_20210509_034836.bmp
"2108,25","158,030","155,355","120,505","159,373","158,055","162,171","165,949","162,332","158,569","159,093","162,146","167,203","170,664","162,936","167,442","168,824","169,830","173,373","7,951","9,703","10,641","10,020","9,300","8,513",,mtp03_20210509_041837.bmp
"2138,25","157,924","155,695","121,317","159,267","157,982","162,409","165,402","162,404","158,391","159,277","162,192","167,139","170,824","162,420","167,497","168,684","169,602","173,292","7,954","9,694","10,657","10,037","9,278","8,524",,mtp03_20210509_044836.bmp
"2168,25","158,544","156,152","121,122","159,179","157,635","162,247","165,746","162,494","158,184","159,218","162,104","167,193","170,800","162,640","167,571","168,626","169,527","173,678","7,930","9,677","10,614","10,023","9,272","8,460",,mtp03_20210509_051836.bmp
"2198,25","158,973","156,822","121,243","159,546","158,047","162,933","165,920","162,564","158,359","159,325","162,111","167,236","170,953","162,587","167,376","168,538","169,627","173,596","7,904","9,630","10,626","9,968","9,219","8,397",,mtp03_20210509_054836.bmp
2228,"159,236","156,923","121,295","159,317","158,156","162,703","166,041","162,558","158,209","159,148","161,973","167,112","171,173","162,615","167,346","168,429","169,639","173,434","7,931","9,647","10,628","9,963","9,285","8,421",,mtp03_20210509_061835.bmp
"2258,25","159,672","156,922","120,687","159,232","158,075","162,139","165,905","161,951","158,369","159,123","162,118","167,421","170,769","162,706","167,375","168,526","169,590","173,606","7,927","9,701","10,667","9,986","9,279","8,445",,mtp03_20210509_064837.bmp
"2288,25","159,165","156,860","121,406","158,968","157,900","162,709","165,878","162,439","158,284","159,325","162,091","167,074","170,923","162,164","167,444","168,507","169,628","173,746","7,968","9,698","10,652","10,019","9,303","8,501",,mtp03_20210509_071836.bmp
"2318,25","159,902","157,646","120,663","159,175","158,004","162,698","165,647","162,070","158,104","159,188","162,113","167,403","170,889","162,566","167,226","168,363","169,476","173,543","7,926","9,636","10,635","9,988","9,253","8,421",,mtp03_20210509_074836.bmp
"2348,25","160,023","157,532","121,441","159,347","158,511","163,318","165,369","162,546","158,110","159,234","162,031","166,907","170,701","162,681","167,165","168,075","169,401","173,606","7,877","9,631","10,608","9,995","9,225","8,391",,mtp03_20210509_081836.bmp
"2378,25","160,351","157,873","121,271","159,496","158,457","163,039","165,857","161,814","158,230","159,198","161,947","167,332","170,977","162,549","167,105","168,117","169,444","173,489","7,951","9,672","10,658","9,971","9,246","8,379",,mtp03_20210509_084837.bmp
"2408,25","160,459","157,858","121,866","159,437","158,288","163,316","165,953","162,528","158,205","159,254","162,109","167,208","170,929","162,529","167,099","168,060","169,351","173,717","7,909","9,672","10,604","9,989","9,230","8,457",,mtp03_20210509_091837.bmp
"2438,25","160,771","158,408","121,754","159,032","158,637","163,374","165,660","162,070","158,147","159,128","161,936","167,250","170,788","162,169","167,045","167,961","169,204","173,807","7,965","9,657","10,661","9,979","9,297","8,484",,mtp03_20210509_094838.bmp
"2468,25","161,209","158,616","122,075","159,427","158,480","162,979","165,851","162,336","158,129","159,141","161,829","167,089","170,914","162,177","166,967","167,984","168,990","173,392","7,915","9,634","10,623","9,944","9,217","8,447",,mtp03_20210509_101836.bmp
"2498,25","161,421","158,762","122,388","159,331","158,258","163,431","165,880","162,111","157,972","159,255","161,877","167,284","171,038","162,024","167,041","167,760","168,971","173,465","7,862","9,623","10,612","9,974","9,246","8,399",,mtp03_20210509_104837.bmp
"2528,25","161,299","159,013","120,803","159,433","158,396","162,996","166,032","162,284","157,974","159,164","161,819","167,283","170,906","162,118","166,985","167,852","168,952","173,555","7,940","9,656","10,668","10,017","9,263","8,481",,mtp03_20210509_111836.bmp
"2558,25","161,105","158,889","120,904","159,295","158,487","162,965","166,054","162,218","157,897","159,270","161,716","167,336","170,927","161,951","167,051","167,789","168,797","173,604","7,914","9,691","10,631","10,042","9,322","8,479",,mtp03_20210509_114836.bmp
"2588,25","161,554","158,960","121,391","159,537","158,428","163,083","165,738","162,208","157,862","159,082","161,648","167,183","170,924","161,846","167,024","167,533","168,837","173,450","7,922","9,665","10,639","9,994","9,285","8,466",,mtp03_20210509_121837.bmp
"2618,25","161,540","159,253","122,186","159,331","158,513","163,601","166,015","162,065","157,841","159,025","161,408","167,302","171,070","161,869","166,932","167,669","168,893","173,595","7,937","9,678","10,639","10,016","9,257","8,497",,mtp03_20210509_124836.bmp
"2648,25","161,712","159,413","121,271","159,577","158,592","163,263","165,839","162,231","157,791","158,912","161,455","167,124","170,825","161,740","166,915","167,040","168,487","173,264","7,934","9,696","10,648","10,011","9,290","8,527",,mtp03_20210509_131837.bmp
"2678,25","161,979","159,484","122,345","159,628","158,738","163,816","165,833","162,108","157,845","158,893","161,190","167,191","170,828","161,628","166,841","167,099","168,332","173,346","7,892","9,644","10,647","9,975","9,198","8,375",,mtp03_20210509_134836.bmp
"2708,25","162,097","159,688","121,995","159,456","158,746","163,787","166,161","162,166","157,820","158,906","161,180","167,148","170,937","161,664","166,955","166,988","168,217","173,216","7,904","9,626","10,624","10,001","9,202","8,390",,mtp03_20210509_141838.bmp
"2738,25","161,940","159,403","122,230","159,514","158,520","163,465","166,194","162,044","157,813","158,775","161,079","167,150","170,878","161,350","166,676","166,723","168,030","173,172","7,902","9,626","10,594","9,982","9,208","8,400",,mtp03_20210509_144837.bmp
"2768,25","162,532","159,715","122,334","159,955","158,705","163,722","165,632","162,033","157,836","158,859","160,943","167,113","170,675","161,421","166,506","166,645","167,833","173,129","7,879","9,675","10,605","9,963","9,243","8,426",,mtp03_20210509_151837.bmp
"2798,25","161,649","160,042","122,143","159,824","158,568","163,388","165,623","161,990","157,613","158,755","160,719","167,085","170,856","161,138","166,645","166,401","167,796","173,080","7,915","9,600","10,626","9,987","9,205","8,414",,mtp03_20210509_154837.bmp
"2828,25","161,528","159,390","122,120","159,586","158,540","163,547","165,917","161,705","157,606","158,605","160,618","166,942","170,883","160,939","166,552","166,208","167,659","173,123","7,914","9,631","10,607","9,961","9,229","8,463",,mtp03_20210509_161838.bmp
"2858,25","161,360","159,433","121,456","159,456","158,000","163,445","165,792","161,357","157,469","158,750","160,438","166,990","170,820","160,838","166,433","166,080","167,491","172,755","7,923","9,649","10,572","9,965","9,229","8,414",,mtp03_20210509_164837.bmp
"2888,25","161,276","159,313","119,864","159,622","158,007","163,750","165,752","161,248","157,567","158,426","160,308","166,870","170,627","160,562","166,286","166,038","167,299","172,860","7,901","9,621","10,658","9,989","9,182","8,426",,mtp03_20210509_171838.bmp
"2918,25","160,976","159,260","120,677","159,547","158,021","163,311","165,814","161,565","157,307","158,333","160,111","166,863","170,828","160,576","166,052","165,844","167,062","172,830","7,917","9,631","10,603","9,985","9,193","8,402",,mtp03_20210509_174839.bmp
"2948,25","160,448","159,014","121,502","159,436","157,723","163,134","165,622","161,423","157,251","158,289","160,098","166,861","170,558","160,230","166,099","165,786","166,923","172,659","7,940","9,635","10,652","10,008","9,291","8,446",,mtp03_20210509_181838.bmp
"2978,25","160,648","159,073","118,598","159,152","157,485","162,981","165,432","161,047","157,054","158,091","160,012","166,884","170,551","159,818","165,971","165,637","166,896","172,565","7,900","9,631","10,598","9,960","9,191","8,412",,mtp03_20210509_184837.bmp
"3008,25","160,354","158,561","119,520","158,845","157,261","162,626","165,358","160,812","157,037","157,828","159,832","166,786","170,502","160,172","165,872","165,348","166,825","172,415","7,917","9,642","10,599","9,998","9,205","8,355",,mtp03_20210509_191837.bmp
"3038,25","160,209","158,597","120,408","159,089","157,369","162,590","165,322","160,768","156,776","157,813","159,611","166,556","170,316","159,836","165,807","165,413","166,667","172,349","7,940","9,647","10,662","10,005","9,269","8,488",,mtp03_20210509_194838.bmp
"3068,25","159,914","158,327","118,801","158,710","157,153","162,379","164,960","160,643","156,723","157,860","159,567","166,508","170,316","159,690","165,644","165,086","166,455","172,389","7,905","9,649","10,605","9,992","9,205","8,407",,mtp03_20210509_201838.bmp
"3098,25","159,840","158,191","119,319","158,762","157,345","162,003","165,071","160,332","156,384","157,669","159,396","166,274","170,112","159,652","165,447","165,170","166,396","172,286","7,877","9,618","10,629","9,974","9,208","8,354",,mtp03_20210509_204838.bmp
"3128,25","159,041","158,191","117,559","158,518","156,774","161,552","164,982","160,469","156,303","157,632","159,216","166,135","170,062","159,521","165,440","165,031","166,297","172,246","7,927","9,671","10,622","9,989","9,253","8,491",,mtp03_20210509_211838.bmp
"3158,25","159,412","157,452","117,083","158,313","156,400","161,882","164,289","160,338","156,159","157,134","158,976","166,104","169,880","158,886","165,037","164,813","166,096","172,071","7,891","9,672","10,590","9,948","9,250","8,420",,mtp03_20210509_214839.bmp
"3188,25","159,254","157,861","117,117","158,207","156,460","161,334","164,746","160,299","155,866","157,300","158,847","166,177","169,815","159,048","164,997","164,614","166,032","171,957","7,921","9,620","10,616","9,955","9,228","8,412",,mtp03_20210509_221839.bmp
"3218,25","159,053","157,468","115,358","157,837","156,093","161,533","164,648","159,987","155,809","156,981","158,770","166,137","169,732","158,796","164,975","164,492","165,840","171,968","7,915","9,633","10,625","9,973","9,210","8,414",,mtp03_20210509_224839.bmp
"3248,25","158,878","157,123","115,730","157,864","155,810","161,012","164,644","159,935","155,657","156,787","158,643","166,069","169,760","158,594","164,875","164,378","165,509","171,734","7,859","9,620","10,577","9,979","9,228","8,398",,mtp03_20210509_231839.bmp
"3278,25","158,559","157,162","114,169","157,361","155,738","160,736","164,589","159,842","155,497","156,794","158,602","165,906","169,727","158,418","164,799","164,335","165,650","171,762","7,879","9,612","10,606","9,967","9,209","8,356",,mtp03_20210509_234840.bmp
"3308,25","158,715","157,174","114,754","157,509","155,453","160,676","164,299","159,827","155,234","156,604","158,321","165,732","169,535","158,175","164,669","164,096","165,374","171,705","7,923","9,626","10,659","9,976","9,182","8,379",,mtp03_20210510_001839.bmp
"3338,25","158,635","156,883","114,374","157,365","155,282","160,347","164,143","159,635","155,300","156,551","158,273","165,593","169,704","158,001","164,710","164,093","165,363","171,542","7,886","9,615","10,606","9,972","9,242","8,430",,mtp03_20210510_004839.bmp
"3368,25","158,685","156,464","113,542","156,920","154,904","160,163","164,152","159,577","154,991","156,335","158,256","165,691","169,446","157,305","164,353","163,839","165,255","171,722","7,871","9,617","10,615","9,952","9,243","8,369",,mtp03_20210510_011839.bmp
"3398,25","158,515","156,458","113,634","156,482","154,642","159,601","163,652","159,225","154,871","156,235","158,048","165,439","169,463","157,101","164,455","163,886","165,166","171,241","7,916","9,667","10,621","9,977","9,256","8,507",,mtp03_20210510_014840.bmp
"3428,25","158,347","156,400","113,104","156,678","154,420","159,348","163,727","159,156","154,819","156,115","157,801","165,236","169,433","157,123","164,268","163,740","165,049","171,193","7,882","9,666","10,570","9,966","9,225","8,441",,mtp03_20210510_021839.bmp
"3458,25","158,281","156,245","112,087","156,122","154,079","159,025","163,442","158,937","154,404","155,969","157,619","165,181","169,102","156,949","164,155","163,730","164,893","171,033","7,922","9,694","10,575","9,969","9,280","8,513",,mtp03_20210510_024839.bmp
"3488,25","158,396","156,211","111,204","155,802","154,008","158,647","163,502","158,487","154,301","155,762","157,590","165,154","169,323","156,278","164,091","163,516","164,788","171,125","7,907","9,689","10,639","9,984","9,248","8,502",,mtp03_20210510_031839.bmp
"3518,25","158,237","156,046","111,796","155,793","153,527","157,906","162,677","158,554","154,162","155,582","157,528","165,098","168,906","155,954","163,935","163,476","164,700","171,216","7,934","9,644","10,604","9,985","9,275","8,480",,mtp03_20210510_034838.bmp
"3548,25","158,155","156,202","110,912","155,529","153,149","157,686","163,242","158,138","153,868","155,440","157,229","164,798","169,161","155,937","163,869","163,272","164,556","171,099","7,927","9,618","10,581","9,945","9,192","8,388",,mtp03_20210510_041839.bmp
"3578,25","158,007","156,070","110,444","154,741","152,782","157,451","162,743","158,052","153,488","155,170","157,044","164,770","168,944","155,616","163,687","163,166","164,478","170,753","7,910","9,636","10,577","9,928","9,244","8,439",,mtp03_20210510_044839.bmp
"3608,25","157,925","155,830","110,040","154,806","152,696","157,005","162,652","157,818","153,322","154,890","156,760","164,647","168,793","155,053","163,418","162,909","164,175","170,836","7,856","9,598","10,579","9,925","9,171","8,394",,mtp03_20210510_051839.bmp
"3638,25","157,947","155,700","110,061","154,357","151,952","156,396","162,369","157,702","153,364","154,895","156,621","164,313","168,877","154,810","163,428","162,817","164,052","170,666","7,928","9,657","10,607","9,951","9,237","8,455",,mtp03_20210510_054839.bmp
"3668,25","157,932","155,569","109,642","154,372","151,889","156,268","162,242","157,678","153,125","154,839","156,387","164,525","168,751","154,638","163,251","162,899","164,055","170,658","7,885","9,658","10,591","9,930","9,226","8,436",,mtp03_20210510_061840.bmp
"3698,25","158,086","155,709","109,968","153,748","151,056","155,630","161,967","157,557","152,912","154,473","156,110","164,276","168,406","153,849","163,134","162,624","163,880","170,530","7,893","9,651","10,606","9,989","9,255","8,480",,mtp03_20210510_064840.bmp
"3728,25","158,029","155,685","109,588","153,032","151,120","154,553","161,151","157,463","152,746","154,302","155,787","163,936","168,456","153,979","162,879","162,602","163,716","170,356","7,906","9,672","10,605","9,932","9,236","8,400",,mtp03_20210510_071840.bmp
"3758,25","157,963","155,626","109,523","153,078","150,834","154,690","161,372","157,169","152,467","154,106","155,612","164,006","168,433","153,327","162,897","162,507","163,715","170,332","7,939","9,644","10,578","9,964","9,224","8,466",,mtp03_20210510_074841.bmp
"3788,25","157,788","155,579","108,731","152,639","149,783","154,059","161,253","156,800","152,240","153,990","155,826","163,611","168,430","153,044","162,764","162,513","163,574","170,215","7,929","9,684","10,620","9,990","9,241","8,479",,mtp03_20210510_081839.bmp
"3818,25","157,484","155,697","108,932","151,633","149,974","153,612","160,989","156,761","152,030","153,827","155,381","163,642","168,246","153,084","162,519","162,359","163,337","170,254","7,889","9,651","10,588","9,962","9,261","8,435",,mtp03_20210510_084840.bmp
"3848,25","157,681","155,576","108,965","151,662","149,917","151,655","160,919","156,437","151,503","153,558","155,238","163,567","168,136","152,924","162,389","162,228","163,390","170,288","7,899","9,686","10,601","9,973","9,237","8,485",,mtp03_20210510_091839.bmp
"3878,25","157,265","155,648","108,671","150,864","148,898","152,318","160,428","156,067","151,885","153,196","154,951","163,449","168,075","153,048","162,403","162,143","163,182","170,256","7,879","9,615","10,606","9,970","9,206","8,390",,mtp03_20210510_094841.bmp
"3908,25","157,648","155,532","108,083","150,166","148,798","151,120","160,393","155,853","151,611","153,059","155,032","162,921","167,873","152,420","162,273","162,044","163,123","170,162","7,944","9,672","10,593","9,993","9,262","8,485",,mtp03_20210510_101839.bmp
"3938,25","157,669","155,852","108,393","150,508","148,101","151,309","160,398","155,908","151,171","152,765","154,716","162,547","168,024","152,588","162,101","162,001","162,998","169,976","7,863","9,636","10,600","9,927","9,199","8,387",,mtp03_20210510_104841.bmp
"3968,25","157,703","155,652","107,581","150,391","148,106","150,966","160,057","155,825","150,983","152,790","154,429","162,731","167,835","152,080","162,071","161,876","162,959","169,869","7,945","9,644","10,633","9,984","9,273","8,428",,mtp03_20210510_111841.bmp
"3998,25","157,540","155,566","108,395","149,606","147,918","150,450","159,671","155,037","150,724","152,435","154,012","162,211","167,617","151,769","161,717","161,765","162,680","169,773","7,952","9,631","10,569","9,959","9,289","8,462",,mtp03_20210510_114841.bmp
"4028,25","157,515","155,625","107,893","149,842","147,483","148,976","159,407","154,677","150,537","152,112","154,099","162,002","167,484","151,639","161,835","161,909","162,577","169,682","7,925","9,639","10,575","9,963","9,275","8,468",,mtp03_20210510_121840.bmp
"4058,25","157,550","155,619","107,632","149,530","147,439","149,209","159,497","154,682","150,250","151,689","153,815","161,785","167,310","151,414","161,626","161,664","162,666","169,863","7,928","9,624","10,589","9,952","9,243","8,390",,mtp03_20210510_124841.bmp
"4088,25","157,571","155,562","106,243","149,516","147,207","148,503","158,967","154,656","150,108","151,598","153,243","162,060","167,342","151,033","161,437","161,459","162,649","169,610","7,918","9,653","10,597","9,941","9,241","8,429",,mtp03_20210510_131840.bmp
4121,"157,369","155,472","106,134","149,075","146,840","147,578","158,814","154,215","150,051","151,583","153,169","161,953","167,184","151,007","161,189","161,305","162,166","169,519","7,879","9,590","10,589","9,934","9,177","8,361",,mtp03_20210510_135126.bmp
"4155,5","157,353","155,460","106,567","148,845","146,171","147,614","158,638","154,172","149,257","151,563","153,297","161,471","167,173","150,567","160,915","161,306","162,062","169,414","7,915","9,643","10,581","9,951","9,243","8,453",,mtp03_20210510_142553.bmp
"4185,5","157,261","155,146","106,003","148,449","146,034","146,735","158,174","153,982","149,438","151,237","153,277","160,877","166,745","150,200","161,062","161,197","162,154","169,449","7,887","9,649","10,567","9,971","9,241","8,461",,mtp03_20210510_145554.bmp
"4215,5","157,079","155,226","106,000","147,951","144,901","147,078","158,473","153,859","149,059","151,214","153,036","160,871","166,696","149,622","160,982","161,140","161,950","169,247","7,895","9,657","10,587","9,962","9,232","8,442",,mtp03_20210510_152554.bmp
"4245,5","157,295","155,059","105,521","147,850","144,990","145,979","157,740","153,797","148,359","150,853","153,126","160,737","166,679","149,248","160,902","161,042","161,925","169,121","7,920","9,641","10,593","9,965","9,185","8,397",,mtp03_20210510_155553.bmp
"4275,5","157,301","155,059","104,523","147,573","144,539","145,838","157,643","153,174","148,358","150,755","152,648","160,406","166,402","149,178","160,882","161,086","161,840","169,076","7,928","9,631","10,566","9,921","9,190","8,364",,mtp03_20210510_162555.bmp
"4305,5","157,412","154,974","105,044","147,882","144,112","144,933","157,737","153,121","147,909","150,679","152,368","160,087","166,568","148,610","160,537","160,900","161,675","169,053","7,914","9,622","10,548","9,965","9,187","8,418",,mtp03_20210510_165554.bmp
"4335,5","157,620","154,888","105,423","147,440","143,189","144,794","157,278","152,944","147,954","150,529","152,315","160,326","166,292","148,781","160,473","160,670","161,590","169,027","7,953","9,651","10,601","9,963","9,251","8,522",,mtp03_20210510_172554.bmp
"4365,5","157,245","154,827","105,458","146,942","143,821","144,371","156,786","152,893","147,774","150,198","152,225","160,174","165,888","148,363","160,369","160,790","161,579","169,007","7,898","9,669","10,584","9,950","9,295","8,431",,mtp03_20210510_175555.bmp
"4398,25","157,084","154,782","105,077","146,258","143,759","143,511","156,579","152,543","147,455","149,892","152,149","159,688","165,801","148,070","160,323","160,718","161,288","168,855","7,906","9,666","10,581","9,958","9,205","8,439",,mtp03_20210510_182849.bmp
"4428,25","157,205","154,922","105,289","146,254","143,061","143,152","156,802","152,524","146,548","150,021","151,885","159,290","166,027","147,810","160,118","160,327","161,066","168,774","7,904","9,615","10,587","9,894","9,193","8,393",,mtp03_20210510_185850.bmp
"4458,5","157,142","154,801","104,735","146,164","142,662","142,483","156,632","152,228","146,606","149,928","151,739","159,074","165,708","147,150","160,160","160,328","161,177","168,630","7,884","9,621","10,620","9,956","9,206","8,430",,mtp03_20210510_192851.bmp
"4488,25","156,853","154,708","104,679","145,400","142,060","142,257","155,979","152,237","146,291","149,343","151,380","158,821","165,380","147,571","160,000","160,144","160,979","168,582","7,888","9,663","10,590","9,963","9,235","8,422",,mtp03_20210510_195850.bmp
"4518,5","157,252","154,868","104,961","145,846","141,410","141,327","156,263","152,094","146,455","149,062","151,615","158,984","165,645","146,868","159,706","160,154","160,960","168,481","7,922","9,646","10,572","9,931","9,217","8,440",,mtp03_20210510_202851.bmp
"4548,5","157,062","154,773","103,769","145,500","141,378","141,000","156,136","151,846","146,117","149,399","151,350","158,376","165,329","146,398","159,293","160,011","160,834","168,386","7,939","9,647","10,537","9,951","9,221","8,431",,mtp03_20210510_205851.bmp
"4578,5","157,137","154,650","104,465","144,841","140,861","140,214","155,569","151,600","145,763","149,049","151,117","158,611","164,956","146,240","159,772","160,044","160,802","168,396","7,894","9,648","10,579","9,963","9,229","8,456",,mtp03_20210510_212851.bmp
"4608,25","156,939","154,503","103,249","144,758","140,320","140,071","155,303","151,547","145,590","148,881","150,791","158,038","164,906","145,339","159,383","159,889","160,553","168,317","7,897","9,652","10,610","9,959","9,270","8,459",,mtp03_20210510_215850.bmp
"4638,5","157,002","154,738","104,763","144,378","140,449","138,968","155,880","151,298","145,402","148,880","150,828","157,813","164,745","145,841","159,373","159,840","160,495","168,142","7,929","9,652","10,563","9,946","9,234","8,504",,mtp03_20210510_222851.bmp
"4668,25","157,187","154,550","104,339","144,467","139,553","138,625","155,275","151,379","145,011","148,979","150,979","157,838","164,675","145,776","159,230","159,758","160,406","168,126","7,889","9,633","10,557","9,937","9,200","8,409",,mtp03_20210510_225850.bmp
"4698,25","157,290","154,558","104,344","143,800","139,240","138,511","155,470","151,172","144,736","148,553","151,018","157,995","164,722","145,427","159,028","159,633","160,354","168,012","7,890","9,658","10,560","9,947","9,230","8,433",,mtp03_20210510_232850.bmp
"4728,5","157,027","154,481","103,974","143,242","138,866","138,285","155,143","150,577","144,508","148,468","150,767","157,296","164,396","144,792","159,175","159,465","160,311","167,968","7,949","9,639","10,568","9,946","9,223","8,426",,mtp03_20210510_235852.bmp
"4758,5","157,071","154,590","103,766","143,341","138,720","138,003","155,229","150,755","144,359","148,364","150,567","157,139","163,958","144,365","159,031","159,524","160,186","167,823","7,877","9,656","10,578","9,947","9,191","8,443",,mtp03_20210511_002851.bmp
"4788,5","157,327","154,405","103,973","143,077","138,390","137,246","155,131","150,341","144,083","148,208","150,536","157,046","164,262","144,471","159,087","159,394","160,070","167,999","7,917","9,631","10,527","9,934","9,233","8,424",,mtp03_20210511_005851.bmp
"4818,5","157,037","154,439","104,373","142,683","138,858","137,160","155,140","150,523","143,655","148,375","150,372","157,151","163,721","144,052","158,997","159,381","159,901","167,798","7,910","9,635","10,585","9,949","9,204","8,356",,mtp03_20210511_012851.bmp
"4848,5","156,887","154,274","103,661","141,995","138,416","136,053","154,693","150,290","143,625","147,720","150,153","156,706","163,785","143,543","158,735","159,246","159,940","167,845","7,839","9,588","10,513","9,879","9,166","8,389",,mtp03_20210511_015851.bmp
"4878,5","157,130","154,539","103,105","142,003","138,088","135,826","154,726","150,260","143,509","147,759","150,093","157,106","163,660","143,467","158,728","159,185","159,768","167,711","7,865","9,589","10,558","9,923","9,199","8,409",,mtp03_20210511_022851.bmp
"4908,5","157,088","154,304","103,186","142,089","137,912","135,599","154,507","150,134","143,054","148,108","150,071","156,637","163,111","143,212","158,731","159,242","159,839","167,614","7,871","9,571","10,553","9,931","9,215","8,415",,mtp03_20210511_025852.bmp
"4938,5","157,172","154,464","103,941","141,901","137,744","134,994","154,488","150,118","143,509","147,923","150,067","156,731","163,008","143,179","158,710","159,155","159,729","167,743","7,865","9,628","10,565","9,957","9,209","8,435",,mtp03_20210511_032852.bmp
"4968,5","157,082","154,609","104,010","141,825","136,897","134,770","154,529","149,811","143,253","147,872","149,922","156,432","162,909","142,925","158,519","159,115","159,639","167,641","7,912","9,658","10,580","9,969","9,225","8,448",,mtp03_20210511_035852.bmp
"4998,5","157,176","154,500","103,946","141,340","137,169","134,178","154,492","149,679","143,045","147,577","149,969","156,308","162,872","142,580","158,494","159,040","159,518","167,520","7,940","9,670","10,595","9,967","9,262","8,408",,mtp03_20210511_042852.bmp
"5028,5","157,187","154,755","103,887","141,039","136,570","134,044","154,296","149,470","142,648","147,179","149,888","156,207","162,204","142,425","158,428","158,886","159,344","167,347","7,888","9,643","10,578","9,944","9,216","8,422",,mtp03_20210511_045851.bmp
"5058,5","157,246","154,800","103,223","140,762","136,467","133,721","154,002","149,701","142,599","147,455","149,983","156,075","162,449","142,133","158,449","158,674","159,198","167,373","7,886","9,647","10,524","9,938","9,224","8,412",,mtp03_20210511_052852.bmp
"5088,5","157,198","154,728","103,465","140,252","136,006","133,157","154,142","149,490","142,264","147,198","149,758","155,848","162,508","141,641","158,417","158,616","159,199","167,396","7,899","9,603","10,547","9,926","9,238","8,357",,mtp03_20210511_055851.bmp
"5118,5","156,940","154,684","103,563","140,269","135,668","132,994","154,029","149,133","141,936","147,283","149,706","155,605","162,140","141,658","158,275","158,687","159,151","167,458","7,911","9,652","10,556","9,913","9,254","8,423",,mtp03_20210511_062851.bmp
"5148,5","157,109","154,798","102,857","140,047","135,177","131,890","153,769","149,173","141,717","147,131","149,407","155,324","162,096","141,054","158,313","158,849","159,099","167,317","7,867","9,654","10,564","9,958","9,214","8,460",,mtp03_20210511_065852.bmp
"5178,5","157,209","154,639","102,764","139,682","134,873","131,283","153,496","148,721","141,431","146,658","149,331","155,301","161,778","140,248","158,135","158,665","159,053","167,222","7,847","9,597","10,554","9,933","9,188","8,443",,mtp03_20210511_072852.bmp
"5208,5","157,051","154,687","103,156","139,499","134,574","131,392","153,231","148,895","141,518","146,714","149,277","155,410","161,091","140,494","158,224","158,565","158,886","167,270","7,882","9,580","10,546","9,953","9,212","8,361",,mtp03_20210511_075852.bmp
"5239,25","157,049","154,716","103,613","139,063","134,554","130,260","153,298","148,501","141,385","146,820","149,326","155,448","160,947","140,391","158,179","158,371","158,836","167,111","7,914","9,641","10,557","9,944","9,260","8,433",,mtp03_20210511_082941.bmp
"5269,25","157,135","154,556","103,364","138,879","134,290","130,715","152,812","148,802","141,175","146,764","149,149","155,386","160,920","139,900","158,080","158,418","158,877","167,232","7,872","9,631","10,520","9,940","9,215","8,398",,mtp03_20210511_085940.bmp
"5299,25","157,338","154,696","102,934","138,522","133,872","129,725","153,080","148,476","141,267","146,519","149,139","155,126","161,182","139,708","158,064","158,341","158,685","167,079","7,880","9,625","10,573","9,946","9,229","8,459",,mtp03_20210511_092942.bmp
"5329,25","157,339","154,481","103,629","138,356","132,927","128,758","152,695","148,330","140,909","146,237","148,967","154,580","160,566","139,328","157,973","158,305","158,503","166,928","7,879","9,623","10,533","9,891","9,193","8,384",,mtp03_20210511_095942.bmp
"5359,25","157,255","154,658","102,948","138,131","133,275","128,703","152,811","148,035","140,876","145,940","149,061","154,653","160,436","139,067","157,947","158,369","158,746","167,152","7,896","9,672","10,571","9,945","9,231","8,432",,mtp03_20210511_102942.bmp
"5389,25","157,174","154,876","103,261","137,737","132,415","128,786","152,705","148,135","140,704","146,027","149,082","154,636","160,449","138,885","157,788","158,187","158,498","167,122","7,898","9,647","10,617","9,951","9,187","8,410",,mtp03_20210511_105941.bmp
"5419,25","157,304","154,812","103,201","137,414","130,739","128,439","152,514","147,888","140,370","146,039","148,936","154,462","160,198","138,251","157,542","158,206","158,422","166,958","7,927","9,679","10,577","9,967","9,242","8,470",,mtp03_20210511_112941.bmp
"5449,25","157,316","154,862","103,310","137,299","131,244","127,333","152,530","147,989","140,449","145,770","148,930","154,373","160,150","138,315","157,627","158,025","158,386","166,818","7,898","9,605","10,549","9,933","9,206","8,422",,mtp03_20210511_115942.bmp
"5479,25","157,416","154,645","102,641","136,857","130,766","127,587","152,350","147,759","140,244","145,769","148,729","154,325","159,507","137,816","157,519","158,079","158,216","166,789","7,904","9,604","10,576","9,937","9,196","8,410",,mtp03_20210511_122941.bmp
"5511,25","157,425","154,824","102,642","136,628","131,092","127,188","152,376","147,621","139,988","145,711","148,932","154,255","159,620","138,028","157,601","157,937","158,188","166,821","7,896","9,583","10,539","9,925","9,206","8,374",,mtp03_20210511_130138.bmp
"5541,25","157,518","154,839","102,615","136,563","131,032","126,839","152,228","147,556","139,900","145,624","148,919","153,766","159,118","137,379","157,359","157,914","158,060","166,652","7,893","9,554","10,537","9,917","9,170","8,333",,mtp03_20210511_133136.bmp
"5571,25","157,300","154,853","102,943","136,224","130,623","126,358","152,190","147,669","139,522","145,353","148,727","153,882","159,457","137,277","157,263","157,984","158,033","166,680","7,874","9,620","10,524","9,933","9,273","8,446",,mtp03_20210511_140137.bmp
"5603,25","157,213","154,783","102,570","136,035","130,613","125,601","152,052","147,308","139,768","145,513","148,591","153,725","159,223","137,054","157,253","157,926","157,941","166,813","7,882","9,635","10,528","9,957","9,182","8,433",,mtp03_20210511_143347.bmp
5637,"157,169","154,921","102,719","135,799","130,155","125,633","152,002","147,509","139,554","145,447","148,653","153,792","159,288","136,900","157,258","157,978","157,899","166,690","7,911","9,652","10,562","9,933","9,228","8,428",,mtp03_20210511_150728.bmp
5667,"157,129","154,639","102,083","135,142","129,830","124,786","151,861","146,919","139,466","145,206","148,306","153,655","159,147","136,257","157,168","158,033","157,877","166,624","7,892","9,623","10,515","9,936","9,198","8,418",,mtp03_20210511_153727.bmp
5697,"157,234","155,043","102,430","135,003","129,832","124,958","151,725","147,261","139,075","145,219","148,385","153,600","158,648","136,033","157,190","157,965","157,808","166,672","7,936","9,671","10,583","9,956","9,230","8,527",,mtp03_20210511_160728.bmp
5727,"157,394","154,863","102,770","134,488","129,588","124,070","151,960","147,053","138,970","145,059","148,390","153,351","158,718","135,952","157,168","157,834","157,810","166,589","7,918","9,665","10,578","9,971","9,238","8,417",,mtp03_20210511_163727.bmp
5757,"157,293","155,008","102,586","134,521","128,928","124,241","151,850","146,979","138,949","145,078","148,185","152,943","158,518","135,688","157,085","157,838","157,848","166,669","7,898","9,647","10,552","9,938","9,201","8,451",,mtp03_20210511_170728.bmp
5787,"157,304","154,942","102,473","134,106","129,150","124,100","151,795","146,882","138,740","144,922","148,269","153,234","158,357","135,489","157,021","157,798","157,725","166,550","7,937","9,610","10,576","9,924","9,227","8,436",,mtp03_20210511_173728.bmp
5817,"157,314","155,059","102,539","133,668","129,106","122,460","151,654","146,796","138,596","144,998","148,140","152,779","157,954","135,079","156,995","157,618","157,675","166,393","7,882","9,624","10,534","9,927","9,197","8,465",,mtp03_20210511_180727.bmp
5847,"157,302","155,066","102,281","133,509","128,735","123,429","151,794","146,800","138,529","144,769","148,065","152,697","157,936","135,012","156,952","157,626","157,546","166,480","7,907","9,652","10,538","9,913","9,205","8,438",,mtp03_20210511_183729.bmp
5877,"157,186","154,863","102,231","133,265","128,184","122,583","151,583","146,428","138,338","144,858","147,834","152,765","157,982","134,481","156,752","157,630","157,359","166,389","7,877","9,619","10,532","9,878","9,183","8,430",,mtp03_20210511_190728.bmp
5907,"157,246","154,924","102,107","132,771","128,118","122,816","151,595","146,567","138,206","144,807","147,940","152,600","157,827","134,272","156,839","157,577","157,483","166,372","7,882","9,636","10,508","9,939","9,219","8,392",,mtp03_20210511_193729.bmp
5937,"157,233","155,034","102,453","132,400","128,070","122,352","151,479","146,379","138,116","144,751","147,792","152,439","157,427","133,856","156,742","157,654","157,344","166,290","7,902","9,587","10,529","9,882","9,199","8,396",,mtp03_20210511_200729.bmp
5967,"157,388","154,985","102,461","132,442","127,788","122,162","151,415","146,388","138,021","144,899","147,742","152,445","157,649","133,711","156,651","157,566","157,248","166,402","7,938","9,654","10,558","9,963","9,225","8,478",,mtp03_20210511_203729.bmp
"5998,25","157,233","154,758","102,432","132,294","127,112","121,784","151,304","146,316","137,834","144,659","147,628","152,181","157,082","133,486","156,468","157,445","157,236","166,231","7,857","9,619","10,506","9,893","9,274","8,401",,mtp03_20210511_210836.bmp
"6028,25","157,177","154,903","102,112","132,180","127,423","121,408","150,887","145,902","137,736","144,602","147,508","151,963","157,381","133,094","156,561","157,497","157,114","166,128","7,936","9,662","10,568","9,923","9,284","8,415",,mtp03_20210511_213837.bmp
6058,"157,034","155,043","101,848","131,208","127,058","121,316","151,019","145,786","137,639","144,363","147,500","151,850","157,139","132,612","156,452","157,440","157,155","166,262","7,921","9,663","10,545","9,949","9,287","8,458",,mtp03_20210511_220835.bmp
"6088,25","157,311","155,141","102,011","131,708","127,198","120,975","150,939","145,839","137,691","144,431","147,451","151,733","157,043","132,647","156,380","157,424","157,080","166,234","7,889","9,675","10,529","9,958","9,300","8,459",,mtp03_20210511_223837.bmp
"6118,25","157,356","154,908","102,137","131,546","126,614","120,527","150,630","145,806","137,518","144,457","147,339","151,632","156,457","132,128","156,359","157,392","157,029","166,270","7,896","9,681","10,534","9,946","9,279","8,447",,mtp03_20210511_230836.bmp
6148,"157,165","154,936","102,063","131,424","126,536","120,094","150,561","145,427","137,283","144,285","147,353","151,732","156,473","132,042","156,310","157,395","156,868","166,091","7,953","9,693","10,548","9,929","9,322","8,456",,mtp03_20210511_233835.bmp
"6178,25","157,317","155,034","102,016","131,121","126,623","120,423","150,938","145,423","137,164","144,404","147,136","151,744","156,468","131,560","156,377","157,339","156,973","166,027","7,917","9,668","10,522","9,936","9,308","8,453",,mtp03_20210512_000836.bmp
"6208,25","157,190","154,898","102,283","130,604","126,299","119,423","150,039","145,201","137,150","144,229","147,148","151,588","155,968","131,175","156,343","157,467","156,776","166,135","7,914","9,678","10,549","9,937","9,312","8,462",,mtp03_20210512_003836.bmp
"6238,25","157,005","155,030","102,040","130,564","126,280","118,699","150,690","145,308","136,981","144,198","146,973","151,501","155,987","130,692","156,277","157,419","156,865","166,127","7,946","9,685","10,540","9,951","9,270","8,429",,mtp03_20210512_010836.bmp
"6268,75","157,115","155,008","101,564","130,481","125,771","119,647","150,360","145,162","136,613","144,091","147,110","151,413","155,682","130,487","156,252","157,320","156,672","166,093","7,838","9,633","10,552","9,866","9,275","8,381",,mtp03_20210512_013912.bmp
"6298,75","157,200","155,012","101,974","130,201","125,439","119,228","149,380","145,660","136,475","143,838","147,351","151,465","154,996","130,195","156,222","157,421","156,739","166,207","7,911","9,658","10,586","9,936","9,287","8,442",,mtp03_20210512_020911.bmp
"6328,75","157,200","154,795","101,987","130,328","125,913","119,140","150,606","145,494","136,668","143,897","147,246","151,431","154,920","130,043","156,329","157,307","156,728","166,104","7,903","9,639","10,534","9,913","9,295","8,457",,mtp03_20210512_023912.bmp
"6358,75","157,369","155,042","102,063","129,963","125,135","118,808","150,545","145,335","136,689","143,874","147,143","151,193","154,954","130,018","156,085","157,235","156,644","166,195","7,911","9,640","10,549","9,941","9,294","8,424",,mtp03_20210512_030912.bmp
"6388,75","157,185","154,906","101,647","129,627","125,115","117,781","150,223","144,803","136,557","143,672","147,205","151,091","154,117","129,284","156,083","157,211","156,576","166,014","7,894","9,649","10,522","9,941","9,293","8,381",,mtp03_20210512_033911.bmp
"6418,75","157,210","154,879","101,590","129,950","125,372","117,995","150,487","145,363","136,318","143,637","147,232","150,936","154,762","129,146","156,080","157,229","156,617","166,116","7,925","9,641","10,508","9,914","9,287","8,463",,mtp03_20210512_040912.bmp
"6448,75","157,204","154,935","101,591","129,239","124,976","117,640","150,159","145,142","136,007","143,566","146,933","150,626","154,565","128,847","156,049","157,144","156,449","166,006","7,890","9,668","10,525","9,889","9,271","8,431",,mtp03_20210512_043912.bmp
"6478,75","157,185","154,982","101,635","128,957","124,643","117,773","150,323","144,874","135,795","143,655","147,008","150,460","154,695","128,615","156,080","157,255","156,621","166,067","7,929","9,651","10,547","9,901","9,277","8,476",,mtp03_20210512_050912.bmp
"6508,75","157,249","155,001","101,378","129,314","124,747","116,809","150,242","145,039","136,062","143,808","146,895","150,926","153,966","128,195","156,000","157,192","156,320","165,900","7,876","9,630","10,533","9,904","9,248","8,359",,mtp03_20210512_053913.bmp
